<?xml version="1.0" encoding="UTF-8"?>
<cbinstall version="1.0" type="plugin" group="user">
	<name>Redirect As register</name>
	<author>Techjoomla</author>
	<creationDate>Mar 2012</creationDate>
	<copyright>(c)Techjoomla</copyright>
	<license>http://www.gnu.org/licenses/gpl-2.0.html GNU/GPL</license>
	<authorEmail>beat@joomlapolis.com</authorEmail>
	<authorUrl>http://www.techjoomla.com</authorUrl>
	<version>1.0</version>
	<description>Allow user to Invite their friends after Registration</description>
	<files>
		<filename plugin="redirectasregister">redirectasregister.php</filename>
		<filename>index.html</filename>
	</files>
    <params>
    </params>
    <tabs>
    </tabs>   
    <install>
    	<queries>
    	</queries>
    </install>
    <uninstall>
        <queries>
    	</queries>
    </uninstall>
	<database>
	</database>
</cbinstall>
