<?xml version="1.0" encoding="utf-8"?>
<social type="apps" group="event">
	<name>QR Code</name>
	<element>qrcode</element>
	<author>Stack Ideas Sdn Bhd</author>
	<url>http://stackideas.com</url>
	<created>30th May 2018</created>
	<version>1.0.2</version>
	<copyright>Copyright (C) 2010 - 2018 Stack Ideas Sdn Bhd</copyright>
	<license>http://www.gnu.org/licenses/gpl-2.0.html GNU/GPL</license>
	<installable>true</installable>
	<core>false</core>
	<widget>true</widget>
	<description><![CDATA[QRCode generator to render a QR code on an event page]]></description>
	<files>
		<folder>library</folder>
		<folder>themes</folder>
		<folder>views</folder>
		<folder>widgets</folder>
		<file>qrcode.php</file>
		<file>qrcode.xml</file>
	</files>
	<languages>
		<language type="en-GB">en-GB.plg_app_event_qrcode.ini</language>
	</languages>
</social>
